{"count":1,"self":101.1659392,"total":103.191499,"children":{"InitializeActuators":{"count":1,"self":0.0020008,"total":0.0020008,"children":null},"InitializeSensors":{"count":1,"self":0.0025047999999999997,"total":0.0025047999999999997,"children":null},"AgentSendState":{"count":5063,"self":0.072731999999999991,"total":0.0951214,"children":{"CollectObservations":{"count":1013,"self":0.008329399999999999,"total":0.008329399999999999,"children":null},"WriteActionMask":{"count":1013,"self":0.0040217,"total":0.0040217,"children":null},"RequestDecision":{"count":1013,"self":0.0100383,"total":0.0100383,"children":null}}},"DecideAction":{"count":5063,"self":1.7716028,"total":1.8876302999999999,"children":{"RayPerceptionSensor.Perceive":{"count":1013,"self":0.11602739999999999,"total":0.11602739999999999,"children":null}}},"AgentAct":{"count":5063,"self":0.037297899999999995,"total":0.037297899999999995,"children":null}},"gauges":{},"metadata":{"timer_format_version":"0.1.0","start_time_seconds":"1724075960","unity_version":"2022.3.41f1","command_line_arguments":"C:\\Program Files\\Unity\\Hub\\Editor\\2022.3.41f1\\Editor\\Unity.exe -projectpath C:\\Users\\jopez\\Documents\\GitHub\\pong_clone\\Ping Clone -useHub -hubIPC -cloudEnvironment production","communication_protocol_version":"1.5.0","com.unity.ml-agents_version":"3.0.0-exp.1","scene_name":"Game","end_time_seconds":"1724076063"}}