{"count":1,"self":654.943232,"total":830.70828,"children":{"InitializeActuators":{"count":2,"self":0.0015107999999999999,"total":0.0015107999999999999,"children":null},"InitializeSensors":{"count":2,"self":0.0035356999999999997,"total":0.0035356999999999997,"children":null},"AgentSendState":{"count":113267,"self":2.7097928,"total":5.8677169,"children":{"CollectObservations":{"count":45308,"self":0.2566481,"total":0.2566481,"children":null},"WriteActionMask":{"count":45308,"self":0.14551419999999998,"total":0.14551419999999998,"children":null},"RequestDecision":{"count":45308,"self":0.4718828,"total":2.7557617999999997,"children":{"AgentInfo.ToProto":{"count":45308,"self":0.3438176,"total":2.2838789999999998,"children":{"GenerateSensorData":{"count":45308,"self":1.5710199,"total":1.9400613999999998,"children":{"RayPerceptionSensor.Perceive":{"count":45308,"self":0.36904149999999997,"total":0.36904149999999997,"children":null}}}}}}}}},"DecideAction":{"count":113267,"self":165.41772799999998,"total":165.4177252,"children":null},"AgentAct":{"count":113267,"self":3.3149743999999997,"total":4.4745734,"children":{"AgentInfo.ToProto":{"count":22939,"self":0.17600549999999998,"total":1.159599,"children":{"GenerateSensorData":{"count":22939,"self":0.79428119999999991,"total":0.9835935,"children":{"RayPerceptionSensor.Perceive":{"count":22939,"self":0.1893123,"total":0.1893123,"children":null}}}}}}}},"gauges":{"MoveToBall.CumulativeReward":{"count":22939,"max":998,"min":-5,"runningAverage":-3.91105962,"value":-5,"weightedAverage":1.54376578}},"metadata":{"timer_format_version":"0.1.0","start_time_seconds":"1711291964","unity_version":"2023.2.15f1","command_line_arguments":"C:\\Program Files\\Unity\\Hub\\Editor\\2023.2.15f1\\Editor\\Unity.exe -projectpath C:\\Users\\jopez\\Documents\\GitHub\\pong_clone\\Ping Clone -useHub -hubIPC -cloudEnvironment production","communication_protocol_version":"1.5.0","com.unity.ml-agents_version":"3.0.0-exp.1","scene_name":"MainMenu","end_time_seconds":"1711292795"}}